mean_fit_time,std_fit_time,mean_score_time,std_score_time,param_subsample,param_min_child_weight,param_max_depth,param_gamma,param_colsample_bytree,params,split0_test_score,split1_test_score,split2_test_score,mean_test_score,std_test_score,rank_test_score,split0_train_score,split1_train_score,split2_train_score,mean_train_score,std_train_score
2.5997161865234375,0.190016483216983,0.00698550542195638,0.0008146943522415847,1.0,5,3,5,1.0,"{'subsample': 1.0, 'min_child_weight': 5, 'max_depth': 3, 'gamma': 5, 'colsample_bytree': 1.0}",0.8700518178729187,0.8602344262434727,0.8604251755899994,0.8635751509042113,0.004585363825889012,2,0.9057830369368716,0.9108469096307403,0.9086960312700703,0.9084419926125608,0.0020751069682563936
3.6243204275767007,0.04111633710061468,0.0272677739461263,0.0012244541979670436,0.6,1,5,1.5,0.8,"{'subsample': 0.6, 'min_child_weight': 1, 'max_depth': 5, 'gamma': 1.5, 'colsample_bytree': 0.8}",0.8581124702684335,0.8564735546412477,0.8586991814344549,0.8577614503600153,0.0009416523958903731,3,0.9958323913201125,0.9963514920970294,0.9956318876455151,0.995938590354219,0.00030322303979488433
3.368659496307373,0.0574313941407224,0.024613698323567707,0.0004601787947651843,0.8,5,5,1,0.8,"{'subsample': 0.8, 'min_child_weight': 5, 'max_depth': 5, 'gamma': 1, 'colsample_bytree': 0.8}",0.8585541963982332,0.854471731704616,0.8589896953022198,0.8573383295223388,0.0020347730437763932,4,0.9905034403033781,0.992394149607993,0.9905758082283838,0.9911577993799184,0.0008747306991250454
2.5608174800872803,0.07084365122964763,0.01031494140625,0.0012357500755954278,1.0,5,5,5,0.6,"{'subsample': 1.0, 'min_child_weight': 5, 'max_depth': 5, 'gamma': 5, 'colsample_bytree': 0.6}",0.8680937818552498,0.8627260569199187,0.8609720252234394,0.8639340818560141,0.0030303267833803917,1,0.9431710084589233,0.9467771513523761,0.9402489441247399,0.9433990346453465,0.0026700024167293913
3.266943613688151,0.0473986190128353,0.018623987833658855,0.001695156492354545,0.8,1,4,1,1.0,"{'subsample': 0.8, 'min_child_weight': 1, 'max_depth': 4, 'gamma': 1, 'colsample_bytree': 1.0}",0.8583163438668026,0.8551957953199936,0.857135533263838,0.8568831312496298,0.001286831919581907,5,0.9919313901555707,0.9930714558036408,0.9914317796123566,0.9921448751905227,0.0006862052162326473
